{
    "idSave": 961,
    "isFirstSession": false,
    "language": "ru",
    "promptDone": false,
    "spawnPointPosition": {
        "x": 10.130002975463868,
        "y": 1.3399996757507325,
        "z": -491.1000061035156
    },
    "robux": 1655,
    "purchasedSkinsId": [
        0,
        1,
        2
    ],
    "equippedSkinId": 2
}